Workbook

Sheet Orders
A1: Sales Order Analysis — Order Data
A4: Order ID | B4: Product ID | C4: Product | D4: Quantity | E4: Status | F4: City | G4: Unit Price | H4: Total Value | I4: Flag | J4: Unit Price (INDEX MATCH)
A5: ORD001 | B5: P103 | C5: Lens C | D5: 10 | E5: Pending | F5: Nagpur | G5: =IFERROR(VLOOKUP(B5,PriceList!A:C,3,FALSE()),"Not Found") -> 450 | H5: =G5*D5 -> 4500 | I5: =IF(D5>=10,"OK","Check") -> OK | J5: =INDEX(PriceList!C:C,MATCH(B5,PriceList!A:A,0)) -> 450
A6: ORD002 | B6: P102 | C6: Lens B | D6: 18 | E6: Pending | F6: Pune | G6: =IFERROR(VLOOKUP(B6,PriceList!A:C,3,FALSE()),"Not Found") -> 700 | H6: =G6*D6 -> 12600 | I6: =IF(D6>=10,"OK","Check") -> OK | J6: =INDEX(PriceList!C:C,MATCH(B6,PriceList!A:A,0)) -> 700
A7: ORD003 | B7: P103 | C7: Lens C | D7: 9 | E7: Cancelled | F7: Nagpur | G7: =IFERROR(VLOOKUP(B7,PriceList!A:C,3,FALSE()),"Not Found") -> 450 | H7: =G7*D7 -> 4050 | I7: =IF(D7>=10,"OK","Check") -> Check | J7: =INDEX(PriceList!C:C,MATCH(B7,PriceList!A:A,0)) -> 450
A8: ORD004 | B8: P103 | C8: Lens C | D8: 8 | E8: Cancelled | F8: Mumbai | G8: =IFERROR(VLOOKUP(B8,PriceList!A:C,3,FALSE()),"Not Found") -> 450 | H8: =G8*D8 -> 3600 | I8: =IF(D8>=10,"OK","Check") -> Check | J8: =INDEX(PriceList!C:C,MATCH(B8,PriceList!A:A,0)) -> 450
A9: ORD005 | B9: P101 | C9: Lens A | D9: 4 | E9: Pending | F9: Pune | G9: =IFERROR(VLOOKUP(B9,PriceList!A:C,3,FALSE()),"Not Found") -> 500 | H9: =G9*D9 -> 2000 | I9: =IF(D9>=10,"OK","Check") -> Check | J9: =INDEX(PriceList!C:C,MATCH(B9,PriceList!A:A,0)) -> 500
A10: ORD006 | B10: P101 | C10: Lens A | D10: 35 | E10: Cancelled | F10: Pune | G10: =IFERROR(VLOOKUP(B10,PriceList!A:C,3,FALSE()),"Not Found") -> 500 | H10: =G10*D10 -> 17500 | I10: =IF(D10>=10,"OK","Check") -> OK | J10: =INDEX(PriceList!C:C,MATCH(B10,PriceList!A:A,0)) -> 500
A11: ORD007 | B11: P103 | C11: Lens C | D11: 15 | E11: Cancelled | F11: Nagpur | G11: =IFERROR(VLOOKUP(B11,PriceList!A:C,3,FALSE()),"Not Found") -> 450 | H11: =G11*D11 -> 6750 | I11: =IF(D11>=10,"OK","Check") -> OK | J11: =INDEX(PriceList!C:C,MATCH(B11,PriceList!A:A,0)) -> 450
A12: ORD008 | B12: P103 | C12: Lens C | D12: 29 | E12: Pending | F12: Mumbai | G12: =IFERROR(VLOOKUP(B12,PriceList!A:C,3,FALSE()),"Not Found") -> 450 | H12: =G12*D12 -> 13050 | I12: =IF(D12>=10,"OK","Check") -> OK | J12: =INDEX(PriceList!C:C,MATCH(B12,PriceList!A:A,0)) -> 450
A13: ORD009 | B13: P103 | C13: Lens C | D13: 20 | E13: Pending | F13: Pune | G13: =IFERROR(VLOOKUP(B13,PriceList!A:C,3,FALSE()),"Not Found") -> 450 | H13: =G13*D13 -> 9000 | I13: =IF(D13>=10,"OK","Check") -> OK | J13: =INDEX(PriceList!C:C,MATCH(B13,PriceList!A:A,0)) -> 450
A14: ORD010 | B14: P103 | C14: Lens C | D14: 30 | E14: Completed | F14: Mumbai | G14: =IFERROR(VLOOKUP(B14,PriceList!A:C,3,FALSE()),"Not Found") -> 450 | H14: =G14*D14 -> 13500 | I14: =IF(D14>=10,"OK","Check") -> OK | J14: =INDEX(PriceList!C:C,MATCH(B14,PriceList!A:A,0)) -> 450
A15: ORD011 | B15: P101 | C15: Lens A | D15: 16 | E15: Completed | F15: Pune | G15: =IFERROR(VLOOKUP(B15,PriceList!A:C,3,FALSE()),"Not Found") -> 500 | H15: =G15*D15 -> 8000 | I15: =IF(D15>=10,"OK","Check") -> OK | J15: =INDEX(PriceList!C:C,MATCH(B15,PriceList!A:A,0)) -> 500
A16: ORD012 | B16: P101 | C16: Lens A | D16: 27 | E16: Pending | F16: Mumbai | G16: =IFERROR(VLOOKUP(B16,PriceList!A:C,3,FALSE()),"Not Found") -> 500 | H16: =G16*D16 -> 13500 | I16: =IF(D16>=10,"OK","Check") -> OK | J16: =INDEX(PriceList!C:C,MATCH(B16,PriceList!A:A,0)) -> 500
... A54: ORD050 | B54: P102 | C54: Lens B | D54: 30 | E54: Pending | F54: Nagpur | G54: =IFERROR(VLOOKUP(B54,PriceList!A:C,3,FALSE()),"Not Found") -> 700 | H54: =G54*D54 -> 21000 | I54: =IF(D54>=10,"OK","Check") -> OK | J54: =INDEX(PriceList!C:C,MATCH(B54,PriceList!A:A,0)) -> 700
A56: Total | D56: =SUM(D5:D54) -> 930 | H56: =SUM(H5:H54) -> 514050
A57: Count Of Quantity Entries | D57: =COUNT(D5:D54) -> 50
A58: Count Of Order IDs | D58: =COUNTA(A5:A54) -> 50
A60: Product | B60: Total Quantity | C60: Number Of Orders
A61: Lens A | B61: =SUMIFS($D$5:$D$54,$C$5:$C$54,A61) -> 296 | C61: =COUNTIFS($C$5:$C$54,A61) -> 14
A62: Lens B | B62: =SUMIFS($D$5:$D$54,$C$5:$C$54,A62) -> 323 | C62: =COUNTIFS($C$5:$C$54,A62) -> 17
A63: Lens C | B63: =SUMIFS($D$5:$D$54,$C$5:$C$54,A63) -> 311 | C63: =COUNTIFS($C$5:$C$54,A63) -> 19

Sheet PriceList
A1: Product ID | B1: Product | C1: Unit Price
A2: P101 | B2: Lens A | C2: 500
A3: P102 | B3: Lens B | C3: 700
A4: P103 | B4: Lens C | C4: 450

Sheet Pivot Table
A3: Product | B3: Sum of Quantity
A4: Lens A | B4: 296
A5: Lens B | B5: 323
A6: Lens C | B6: 311
A7: Total Result | B7: 930
